INSERT INTO GoodyHutSubTypes ('GoodyHut', 'SubTypeGoodyHut', 'Weight', 'ModifierId', 'MinOneCity', 'RequiresUnit') 
VALUES
    ('GOODYHUT_MILITARY', 'GOODYHUT_GRANT_MELEE', '10', 'GOOODY_MILITARY_GRANT_MELEE', 'True', 'True'),
    ('GOODYHUT_MILITARY', 'GOODYHUT_GRANT_RANGE', '10', 'GOOODY_MILITARY_GRANT_RANGE', 'True', 'True'),
    ('GOODYHUT_MILITARY', 'GOODYHUT_GRANT_SIEGE', '10', 'GOOODY_MILITARY_GRANT_SEIGE', 'True', 'True'),
    ('GOODYHUT_MILITARY', 'GOODYHUT_GRANT_SUPPORT', '10', 'GOOODY_MILITARY_GRANT_SUPPORT', 'True', 'True'),
    ('GOODYHUT_MILITARY', 'GOODYHUT_GRANT_LIGHT_CAVALRY', '10', 'GOOODY_MILITARY_GRANT_LIGHT_CAVALRY', 'True', 'True'),
    ('GOODYHUT_MILITARY', 'GOODYHUT_GRANT_HEAVY_CAVALRY', '10', 'GOOODY_MILITARY_GRANT_HEAVY_CAVALRY', 'True', 'True');

INSERT INTO Modifiers ('ModifierId', 'ModifierType', 'RunOnce', 'Permanent')
VALUES
    ('GOOODY_MILITARY_GRANT_MELEE', 'MODIFIER_SINGLE_CITY_GRANT_UNIT_BY_CLASS_IN_NEAREST_CITY', 'true', 'true'),
    ('GOOODY_MILITARY_GRANT_RANGE', 'MODIFIER_SINGLE_CITY_GRANT_UNIT_BY_CLASS_IN_NEAREST_CITY', 'true', 'true'),
    ('GOOODY_MILITARY_GRANT_SEIGE', 'MODIFIER_SINGLE_CITY_GRANT_UNIT_BY_CLASS_IN_NEAREST_CITY', 'true', 'true'),
    ('GOOODY_MILITARY_GRANT_SUPPORT', 'MODIFIER_SINGLE_CITY_GRANT_UNIT_BY_CLASS_IN_NEAREST_CITY', 'true', 'true'),
    ('GOOODY_MILITARY_GRANT_LIGHT_CAVALRY', 'MODIFIER_SINGLE_CITY_GRANT_UNIT_BY_CLASS_IN_NEAREST_CITY', 'true', 'true'),
    ('GOOODY_MILITARY_GRANT_HEAVY_CAVALRY', 'MODIFIER_SINGLE_CITY_GRANT_UNIT_BY_CLASS_IN_NEAREST_CITY', 'true', 'true');

INSERT INTO ModifierArguments ('ModifierId', 'Name', 'Type', 'Value')
VALUES
    ('GOOODY_MILITARY_GRANT_MELEE', 'UnitPromotionClassType', 'ARGTYPE_IDENTITY', 'PROMOTION_CLASS_MELEE'),
    ('GOOODY_MILITARY_GRANT_RANGE', 'UnitPromotionClassType', 'ARGTYPE_IDENTITY', 'PROMOTION_CLASS_RANGED'),
    ('GOOODY_MILITARY_GRANT_SEIGE', 'UnitPromotionClassType', 'ARGTYPE_IDENTITY', 'PROMOTION_CLASS_SEIGE'),
    ('GOOODY_MILITARY_GRANT_SUPPORT', 'UnitPromotionClassType', 'ARGTYPE_IDENTITY', 'PROMOTION_CLASS_SUPPORT'),
    ('GOOODY_MILITARY_GRANT_LIGHT_CAVALRY', 'UnitPromotionClassType', 'ARGTYPE_IDENTITY', 'PROMOTION_CLASS_LIGHT_CAVALRY'),
    ('GOOODY_MILITARY_GRANT_HEAVY_CAVALRY', 'UnitPromotionClassType', 'ARGTYPE_IDENTITY', 'PROMOTION_CLASS_HEAVY_CAVALRY');