INSERT INTO Types (Type, Kind)
VALUES
    ("UNIT_BUFF", "KIND_TRAIT");

INSERT INTO TraitModifiers (TraitType, ModifierId)
VALUES 
    ("TRAIT_LEADER_MAJOR_CIV", "UNIT_EXTRA_XP"),
    ("TRAIT_LEADER_MAJOR_CIV", "UNIT_EXTRA_MOVEMENT"),
    --("TRAIT_LEADER_MAJOR_CIV", "UNIT_EXTRA_STRENGTH"),
    ("TRAIT_LEADER_MAJOR_CIV", "UNIT_EXTRA_SIGHT"),
    ("TRAIT_LEADER_MAJOR_CIV", "UNIT_EXTRA_RANGE"),
    ("TRAIT_LEADER_MAJOR_CIV", "UNIT_EXTRA_ATTACK"),
    ("TRAIT_LEADER_MAJOR_CIV", "UNIT_EXTRA_HEALING"),
    ("TRAIT_LEADER_MAJOR_CIV", "UNIT_CAN_RETREAT"),
    ("TRAIT_LEADER_MAJOR_CIV", "UNIT_FREE_PROMOTION");


INSERT INTO Modifiers (ModifierId, ModifierType, SubjectRequirementSetId)
VALUES
    ("UNIT_EXTRA_XP", "MODIFIER_PLAYER_UNITS_ATTACH_MODIFIER", "PLAYER_IS_HUMAN"),
    ("UNIT_EXTRA_MOVEMENT", "MODIFIER_PLAYER_UNITS_ADJUST_MOVEMENT", "PLAYER_IS_HUMAN"),
    --("UNIT_EXTRA_STRENGTH", "MODIFIER_UNITS_ADJUST_COMBAT_STRENGTH", "PLAYER_IS_HUMAN"),
    ("UNIT_EXTRA_SIGHT", "MODIFIER_PLAYER_UNIT_ADJUST_SIGHT", "PLAYER_IS_HUMAN"),
    ("UNIT_EXTRA_RANGE", "MODIFIER_PLAYER_UNITS_ADJUST_ATTACK_RANGE", "PLAYER_IS_HUMAN"),
    ("UNIT_EXTRA_ATTACK", "MODIFIER_PLAYER_UNITS_ATTACH_MODIFIER", "PLAYER_IS_HUMAN"),
    ("UNIT_EXTRA_HEALING", "MODIFIER_PLAYER_UNITS_ATTACH_MODIFIER", "PLAYER_IS_HUMAN"),
    ("UNIT_CAN_RETREAT", "MODIFIER_PLAYER_UNITS_ATTACH_MODIFIER", "PLAYER_IS_HUMAN"),
    ("UNIT_FREE_PROMOTION", "MODIFIER_PLAYER_UNITS_ADJUST_GRANT_EXPERIENCE", "PLAYER_IS_HUMAN");


INSERT INTO Modifiers (ModifierId, ModifierType)
VALUES
    ("UNIT_EXTRA_XP_MODIFIER", "MODIFIER_PLAYER_UNIT_ADJUST_EXPERIENCE_MODIFIER"),
    ("UNIT_EXTRA_ATTACK_MODIFIER", "MODIFIER_UNIT_ADJUST_NUM_ATTACKS"),
    ("UNIT_CAN_RETREAT_MODIFIER", "MODIFIER_PLAYER_UNIT_ADJUST_ATTACK_AND_MOVE"),
    ("UNIT_EXTRA_HEALING_MODIFIER", "MODIFIER_PLAYER_UNIT_GRANT_HEAL_AFTER_ACTION");

    

INSERT INTO ModifierArguments (ModifierId, Name, Value)
VALUES
    ("UNIT_EXTRA_XP", "ModifierId", "UNIT_EXTRA_XP_MODIFIER"),
    ("UNIT_EXTRA_XP_MODIFIER", "Amount", "1000"),
    ("UNIT_EXTRA_MOVEMENT", "Amount", "5"),
    --("UNIT_EXTRA_STRENGTH", "Amount", "20"),
    ("UNIT_EXTRA_SIGHT", "Amount", "5"),
    ("UNIT_EXTRA_RANGE", "Amount", "2"),
    ("UNIT_EXTRA_ATTACK", "ModifierId", "UNIT_EXTRA_ATTACK_MODIFIER"),
    ("UNIT_EXTRA_ATTACK_MODIFIER", "Amount", "5"),
    ("UNIT_EXTRA_HEALING", "ModifierId", "UNIT_EXTRA_HEALING_MODIFIER"),
    ("UNIT_EXTRA_HEALING_MODIFIER", "Amount", "50"),
    ("UNIT_CAN_RETREAT", "ModifierId", "UNIT_CAN_RETREAT_MODIFIER"),
    ("UNIT_CAN_RETREAT_MODIFIER", "CanMove", "True"),
    ("UNIT_FREE_PROMOTION", "Amount", "100");
